<?xml version="1.0" encoding="UTF-8"?>
<project-private xmlns="http://www.netbeans.org/ns/project-private/1">
    <editor-bookmarks xmlns="http://www.netbeans.org/ns/editor-bookmarks/2" lastBookmarkId="0"/>
    <open-files xmlns="http://www.netbeans.org/ns/projectui-open-files/1">
        <file>file:/C:/Users/SAMASSANGO/Documents/HospitalApplication/src/hospitalapplication/za/ac/tut/backend/FileUpdate.java</file>
        <file>file:/C:/Users/SAMASSANGO/Documents/HospitalApplication/src/hospitalapplication/za/ac/tut/backend/Medication.java</file>
        <file>file:/C:/Users/SAMASSANGO/Documents/HospitalApplication/src/hospitalapplication/Hospital.java</file>
        <file>file:/C:/Users/SAMASSANGO/Documents/HospitalApplication/src/hospitalapplication/za/ac/tut/backend/Person.java</file>
        <file>file:/C:/Users/SAMASSANGO/Documents/HospitalApplication/src/hospitalapplication/za/ac/tut/backend/FileManager.java</file>
        <file>file:/C:/Users/SAMASSANGO/Documents/HospitalApplication/employee.txt</file>
        <file>file:/C:/Users/SAMASSANGO/Documents/HospitalApplication/petient.txt</file>
    </open-files>
</project-private>
